{"cameraMode":{"drawMode":0,"name":"Shaded","section":"Shading Mode"},"sceneLighting":true,"audioPlay":false,"sceneViewState":{"showFog":false,"showMaterialUpdate":true,"showSkybox":false,"showFlares":true,"showImageEffects":true,"showParticleSystems":true},"in2DMode":false,"pivot":{"x":-11.968786239624024,"y":-2.5493252277374269,"z":15.026257514953614},"rotation":{"x":0.03255268186330795,"y":-0.9673803448677063,"z":0.16943621635437013,"w":0.18565119802951814},"size":2.4054808616638185,"orthographic":false}