{"cameraMode":{"drawMode":0,"name":"Shaded","section":"Shading Mode"},"sceneLighting":true,"audioPlay":false,"sceneViewState":{"showFog":false,"showMaterialUpdate":true,"showSkybox":false,"showFlares":true,"showImageEffects":true,"showParticleSystems":true},"in2DMode":false,"pivot":{"x":-10.714910507202149,"y":-3.152731418609619,"z":-1.6159170866012574},"rotation":{"x":0.0971255972981453,"y":-0.9001765847206116,"z":0.26110154390335085,"w":0.3348320424556732},"size":17.632858276367189,"orthographic":false}