{"cameraMode":{"drawMode":0,"name":"Shaded","section":"Shading Mode"},"sceneLighting":true,"audioPlay":false,"sceneViewState":{"showFog":false,"showMaterialUpdate":true,"showSkybox":false,"showFlares":true,"showImageEffects":true,"showParticleSystems":true},"in2DMode":false,"pivot":{"x":-15.043017387390137,"y":-19.349010467529298,"z":-9.029745101928711},"rotation":{"x":0.061775341629981998,"y":-0.9315764904022217,"z":0.3044743835926056,"w":0.18894225358963014},"size":50.07546615600586,"orthographic":false}