{"cameraMode":{"drawMode":0,"name":"Shaded","section":"Shading Mode"},"sceneLighting":true,"audioPlay":false,"sceneViewState":{"showFog":false,"showMaterialUpdate":true,"showSkybox":false,"showFlares":true,"showImageEffects":true,"showParticleSystems":true},"in2DMode":false,"pivot":{"x":-15.144189834594727,"y":-3.774461507797241,"z":13.931294441223145},"rotation":{"x":-0.04480859264731407,"y":0.9419671893119812,"z":-0.13977310061454774,"w":-0.3019443452358246},"size":0.9282462000846863,"orthographic":false}