{"cameraMode":{"drawMode":0,"name":"Shaded","section":"Shading Mode"},"sceneLighting":true,"audioPlay":false,"sceneViewState":{"showFog":false,"showMaterialUpdate":true,"showSkybox":false,"showFlares":true,"showImageEffects":true,"showParticleSystems":true},"in2DMode":false,"pivot":{"x":-8.56576919555664,"y":-0.9971303939819336,"z":12.672517776489258},"rotation":{"x":0.07196956127882004,"y":-0.7527225017547607,"z":0.08342175930738449,"w":0.6490958333015442},"size":40.010372161865237,"orthographic":false}